<?xml version="1.0" encoding="UTF-8"?>
<logicaltopology>
	<port type="controller" id="1">
		<accepts controller="game.controller.ps.gamepad"/>
		<accepts controller="game.controller.ps.dualanalog"/>
		<accepts controller="game.controller.ps.dualshock"/>
		<accepts controller="game.controller.ps.guncon.western"/>
		<accepts controller="game.controller.ps.guncon.japan"/>
		<accepts controller="game.controller.ps.mouse"/>
	</port>
	<port type="controller" id="2">
		<accepts controller="game.controller.ps.gamepad"/>
		<accepts controller="game.controller.ps.dualanalog"/>
		<accepts controller="game.controller.ps.dualshock"/>
		<accepts controller="game.controller.ps.guncon.western"/>
		<accepts controller="game.controller.ps.guncon.japan"/>
		<accepts controller="game.controller.ps.mouse"/>
	</port>
	<port type="controller" id="3">
		<accepts controller="game.controller.ps.gamepad"/>
		<accepts controller="game.controller.ps.dualanalog"/>
		<accepts controller="game.controller.ps.dualshock"/>
		<accepts controller="game.controller.ps.guncon.western"/>
		<accepts controller="game.controller.ps.guncon.japan"/>
		<accepts controller="game.controller.ps.mouse"/>
	</port>
	<port type="controller" id="4">
		<accepts controller="game.controller.ps.gamepad"/>
		<accepts controller="game.controller.ps.dualanalog"/>
		<accepts controller="game.controller.ps.dualshock"/>
		<accepts controller="game.controller.ps.guncon.western"/>
		<accepts controller="game.controller.ps.guncon.japan"/>
		<accepts controller="game.controller.ps.mouse"/>
	</port>
	<port type="controller" id="5">
		<accepts controller="game.controller.ps.gamepad"/>
		<accepts controller="game.controller.ps.dualanalog"/>
		<accepts controller="game.controller.ps.dualshock"/>
		<accepts controller="game.controller.ps.guncon.western"/>
		<accepts controller="game.controller.ps.guncon.japan"/>
		<accepts controller="game.controller.ps.mouse"/>
	</port>
	<port type="controller" id="6">
		<accepts controller="game.controller.ps.gamepad"/>
		<accepts controller="game.controller.ps.dualanalog"/>
		<accepts controller="game.controller.ps.dualshock"/>
		<accepts controller="game.controller.ps.guncon.western"/>
		<accepts controller="game.controller.ps.guncon.japan"/>
		<accepts controller="game.controller.ps.mouse"/>
	</port>
	<port type="controller" id="7">
		<accepts controller="game.controller.ps.gamepad"/>
		<accepts controller="game.controller.ps.dualanalog"/>
		<accepts controller="game.controller.ps.dualshock"/>
		<accepts controller="game.controller.ps.guncon.western"/>
		<accepts controller="game.controller.ps.guncon.japan"/>
		<accepts controller="game.controller.ps.mouse"/>
	</port>
	<port type="controller" id="8">
		<accepts controller="game.controller.ps.gamepad"/>
		<accepts controller="game.controller.ps.dualanalog"/>
		<accepts controller="game.controller.ps.dualshock"/>
		<accepts controller="game.controller.ps.guncon.western"/>
		<accepts controller="game.controller.ps.guncon.japan"/>
		<accepts controller="game.controller.ps.mouse"/>
	</port>
</logicaltopology>
